{
    "name": "root",
    "gauges": {
        "cfg.Policy.Entropy.mean": {
            "value": 1.0433889627456665,
            "min": 1.0404834747314453,
            "max": 1.0628931522369385,
            "count": 5
        },
        "cfg.Policy.Entropy.sum": {
            "value": 52108.93359375,
            "min": 21662.82421875,
            "max": 53040.5703125,
            "count": 5
        },
        "cfg.Step.mean": {
            "value": 349881.0,
            "min": 149966.0,
            "max": 349881.0,
            "count": 5
        },
        "cfg.Step.sum": {
            "value": 349881.0,
            "min": 149966.0,
            "max": 349881.0,
            "count": 5
        },
        "cfg.Policy.ExtrinsicValueEstimate.mean": {
            "value": 0.9839730262756348,
            "min": 0.942553699016571,
            "max": 0.9839730262756348,
            "count": 5
        },
        "cfg.Policy.ExtrinsicValueEstimate.sum": {
            "value": 410.3167419433594,
            "min": 162.11923217773438,
            "max": 415.5064697265625,
            "count": 5
        },
        "cfg.Environment.EpisodeLength.mean": {
            "value": 647.6363636363636,
            "min": 600.2530120481928,
            "max": 669.2266666666667,
            "count": 5
        },
        "cfg.Environment.EpisodeLength.sum": {
            "value": 49868.0,
            "min": 19966.0,
            "max": 50192.0,
            "count": 5
        },
        "cfg.Environment.CumulativeReward.mean": {
            "value": 64.86364728521991,
            "min": 60.12531118795096,
            "max": 67.02267792463303,
            "count": 5
        },
        "cfg.Environment.CumulativeReward.sum": {
            "value": 4994.500840961933,
            "min": 1999.7003271579742,
            "max": 5026.700844347477,
            "count": 5
        },
        "cfg.Policy.ExtrinsicReward.mean": {
            "value": 64.86364728521991,
            "min": 60.12531118795096,
            "max": 67.02267792463303,
            "count": 5
        },
        "cfg.Policy.ExtrinsicReward.sum": {
            "value": 4994.500840961933,
            "min": 1999.7003271579742,
            "max": 5026.700844347477,
            "count": 5
        },
        "cfg.IsTraining.mean": {
            "value": 1.0,
            "min": 1.0,
            "max": 1.0,
            "count": 5
        },
        "cfg.IsTraining.sum": {
            "value": 1.0,
            "min": 1.0,
            "max": 1.0,
            "count": 5
        },
        "cfg.Losses.PolicyLoss.mean": {
            "value": 0.035950408957432956,
            "min": 0.03426411191200411,
            "max": 0.035950408957432956,
            "count": 4
        },
        "cfg.Losses.PolicyLoss.sum": {
            "value": 0.035950408957432956,
            "min": 0.035437351466195345,
            "max": 0.07008278153080028,
            "count": 4
        },
        "cfg.Losses.ValueLoss.mean": {
            "value": 0.003599920635072825,
            "min": 0.003599920635072825,
            "max": 0.003944972625655889,
            "count": 4
        },
        "cfg.Losses.ValueLoss.sum": {
            "value": 0.003599920635072825,
            "min": 0.003599920635072825,
            "max": 0.007889945251311778,
            "count": 4
        },
        "cfg.Policy.LearningRate.mean": {
            "value": 6.73339326661e-05,
            "min": 6.73339326661e-05,
            "max": 8.21071178929e-05,
            "count": 4
        },
        "cfg.Policy.LearningRate.sum": {
            "value": 6.73339326661e-05,
            "min": 6.73339326661e-05,
            "max": 0.0001642142357858,
            "count": 4
        },
        "cfg.Policy.Epsilon.mean": {
            "value": 0.1673339,
            "min": 0.1673339,
            "max": 0.18210710000000002,
            "count": 4
        },
        "cfg.Policy.Epsilon.sum": {
            "value": 0.1673339,
            "min": 0.1673339,
            "max": 0.36421420000000004,
            "count": 4
        },
        "cfg.Policy.Beta.mean": {
            "value": 0.00336996161,
            "min": 0.00336996161,
            "max": 0.00410714429,
            "count": 4
        },
        "cfg.Policy.Beta.sum": {
            "value": 0.00336996161,
            "min": 0.00336996161,
            "max": 0.00821428858,
            "count": 4
        }
    },
    "metadata": {
        "timer_format_version": "0.1.0",
        "start_time_seconds": "1700330270",
        "python_version": "3.7.16 (default, Jan 17 2023, 16:06:28) [MSC v.1916 64 bit (AMD64)]",
        "command_line_arguments": "C:\\Users\\TK\\anaconda3\\envs\\unity\\Scripts\\mlagents-learn .\\cfg.yaml --run-id=Run 2 --resume",
        "mlagents_version": "0.28.0",
        "mlagents_envs_version": "0.28.0",
        "communication_protocol_version": "1.5.0",
        "pytorch_version": "1.7.1+cu110",
        "numpy_version": "1.21.6",
        "end_time_seconds": "1700331587"
    },
    "total": 1316.7622443,
    "count": 1,
    "self": 0.006990800000039599,
    "children": {
        "run_training.setup": {
            "total": 0.0903136,
            "count": 1,
            "self": 0.0903136
        },
        "TrainerController.start_learning": {
            "total": 1316.6649399,
            "count": 1,
            "self": 7.594799999970974,
            "children": {
                "TrainerController._reset_env": {
                    "total": 6.006265600000001,
                    "count": 1,
                    "self": 6.006265600000001
                },
                "TrainerController.advance": {
                    "total": 1302.972716500029,
                    "count": 241238,
                    "self": 3.501442300022063,
                    "children": {
                        "env_step": {
                            "total": 1299.471274200007,
                            "count": 241238,
                            "self": 937.0993669000657,
                            "children": {
                                "SubprocessEnvManager._take_step": {
                                    "total": 358.8251288999653,
                                    "count": 241238,
                                    "self": 14.522327899933998,
                                    "children": {
                                        "TorchPolicy.evaluate": {
                                            "total": 344.3028010000313,
                                            "count": 241238,
                                            "self": 82.95830840004612,
                                            "children": {
                                                "TorchPolicy.sample_actions": {
                                                    "total": 261.3444925999852,
                                                    "count": 241238,
                                                    "self": 261.3444925999852
                                                }
                                            }
                                        }
                                    }
                                },
                                "workers": {
                                    "total": 3.546778399975989,
                                    "count": 241237,
                                    "self": 0.0,
                                    "children": {
                                        "worker_root": {
                                            "total": 1302.5290174000095,
                                            "count": 241237,
                                            "is_parallel": true,
                                            "self": 629.1268317000005,
                                            "children": {
                                                "steps_from_proto": {
                                                    "total": 0.0003401000000007315,