{"count":1,"self":161.4425216,"total":1311.052381,"children":{"InitializeActuators":{"count":1,"self":0.0010027999999999999,"total":0.0010027999999999999,"children":null},"InitializeSensors":{"count":1,"self":0.0009976,"total":0.0009976,"children":null},"AgentSendState":{"count":241251,"self":19.1575536,"total":26.3583498,"children":{"CollectObservations":{"count":241251,"self":0.23663209999999998,"total":0.23663209999999998,"children":null},"WriteActionMask":{"count":241251,"self":0.269873,"total":0.269873,"children":null},"RequestDecision":{"count":241251,"self":1.4191506999999999,"total":6.694291,"children":{"AgentInfo.ToProto":{"count":241251,"self":1.2844236,"total":5.2751402999999994,"children":{"GenerateSensorData":{"count":241251,"self":3.1701052,"total":3.9907166999999997,"children":{"RayPerceptionSensor.Perceive":{"count":241251,"self":0.82061149999999994,"total":0.82061149999999994,"children":null}}}}}}}}},"DecideAction":{"count":241251,"self":1084.6927871999999,"total":1084.6927493,"children":null},"AgentAct":{"count":241251,"self":38.547024,"total":38.5470231,"children":null},"AgentInfo.ToProto":{"count":377,"self":0.0025099,"total":0.0087350999999999991,"children":{"GenerateSensorData":{"count":377,"self":0.0040157,"total":0.0062251999999999993,"children":{"RayPerceptionSensor.Perceive":{"count":377,"self":0.0022095,"total":0.0022095,"children":null}}}}}},"gauges":{"cfg.CumulativeReward":{"count":377,"max":180.001785,"min":45.1998825,"runningAverage":63.8948326,"value":63.2996063,"weightedAverage":61.7959747}},"metadata":{"timer_format_version":"0.1.0","start_time_seconds":"1700330276","unity_version":"2022.3.12f1","command_line_arguments":"C:\\Program Files\\Unity\\Hub\\Editor\\2022.3.12f1\\Editor\\Unity.exe -projectpath C:\\Users\\TK\\Documents\\GitHub\\EndlessRunner\\Endless Runner -useHub -hubIPC -cloudEnvironment production -licensingIpc LicenseClient-TK -hubSessionId 49934ec5-b202-4cc5-bfb0-9adeb6e428c6 -accessToken NfjFD68vprrITFoGSMwSxPfLEIEAhPM8aRUHD5VlV8c011f","communication_protocol_version":"1.5.0","com.unity.ml-agents_version":"2.0.1","scene_name":"City Scene","end_time_seconds":"1700331587"}}