{
    "name": "root",
    "metadata": {
        "timer_format_version": "0.1.0",
        "start_time_seconds": "1700151820",
        "python_version": "3.7.16 (default, Jan 17 2023, 16:06:28) [MSC v.1916 64 bit (AMD64)]",
        "command_line_arguments": "C:\\Users\\TK\\anaconda3\\envs\\unity\\Scripts\\mlagents-learn cfg.yaml --run-id=Run 12",
        "mlagents_version": "0.28.0",
        "mlagents_envs_version": "0.28.0",
        "communication_protocol_version": "1.5.0",
        "pytorch_version": "1.7.1+cu110",
        "numpy_version": "1.21.6",
        "end_time_seconds": "1700151851"
    },
    "total": 31.019336900000003,
    "count": 1,
    "self": 0.015065200000005774,
    "children": {
        "run_training.setup": {
            "total": 0.0985145999999999,
            "count": 1,
            "self": 0.0985145999999999
        },
        "TrainerController.start_learning": {
            "total": 30.905757099999995,
            "count": 1,
            "self": 0.014077499999999077,
            "children": {
                "TrainerController._reset_env": {
                    "total": 9.0388678,
                    "count": 1,
                    "self": 9.0388678
                },
                "TrainerController.advance": {
                    "total": 21.6401094,
                    "count": 1,
                    "self": 3.570000000152618e-05,
                    "children": {
                        "env_step": {
                            "total": 21.6400737,
                            "count": 1,
                            "self": 21.6400658,
                            "children": {
                                "SubprocessEnvManager._take_step": {
                                    "total": 7.899999999949614e-06,
                                    "count": 1,
                                    "self": 7.899999999949614e-06
                                }
                            }
                        }
                    }
                },
                "trainer_threads": {
                    "total": 2.1600000000177033e-05,
                    "count": 1,
                    "self": 2.1600000000177033e-05,
                    "children": {
                        "thread_root": {
                            "total": 0.0,
                            "count": 0,
                            "is_parallel": true,
                            "self": 0.0,
                            "children": {
                                "trainer_advance": {
                                    "total": 21.60098980000004,
                                    "count": 1388,
                                    "is_parallel": true,
                                    "self": 0.11082440000011928,
                                    "children": {
                                        "process_trajectory": {
                                            "total": 21.49016539999992,
                                            "count": 1388,
                                            "is_parallel": true,
                                            "self": 21.49016539999992
                                        }
                                    }
                                }
                            }
                        }
                    }
                },
                "TrainerController._save_models": {
                    "total": 0.21268079999999756,
                    "count": 1,
                    "self": 0.019138200000000438,
                    "children": {
                        "RLTrainer._checkpoint": {
                            "total": 0.19354259999999712,
                            "count": 1,
                            "self": 0.19354259999999712
                        }
                    }
                }
            }
        }
    }
}